{
  "type": "Compass Connections",
  "version": {
    "$numberInt": "1"
  },
  "connections": [
    {
      "id": "0fb6b8a6-b635-45f8-b444-36224b69a7a8",
      "lastUsed": {
        "$date": {
          "$numberLong": "1706596428919"
        }
      },
      "favorite": {
        "name": "Wilgi"
      },
      "connectionOptions": {
        "connectionString": "mongodb://localhost:27017/",
        "oidc": {
          "serializedState": "eyJvaWRjUGx1Z2luU3RhdGVWZXJzaW9uIjowLCJzdGF0ZSI6W119"
        }
      }
    }
  ]
}